<?xml version="1.0" encoding="UTF-8"?>

<metadata>
  <groupId>org.codehaus.mojo</groupId>
  <artifactId>exec-maven-plugin</artifactId>
  <version>1.6.0</version>
  <versioning>
    <release>1.6.0</release>
    <versions>
      <version>1.0</version>
      <version>1.0.1</version>
      <version>1.0.2</version>
      <version>1.1-beta-1</version>
      <version>1.1</version>
      <version>1.1.1</version>
      <version>1.2</version>
      <version>1.2.1</version>
      <version>1.3</version>
      <version>1.3.1</version>
      <version>1.3.2</version>
      <version>1.4.0</version>
      <version>1.5.0</version>
      <version>1.6.0</version>
    </versions>
    <lastUpdated>20170306185150</lastUpdated>
  </versioning>
</metadata>
